age,gender,bmi,children,smoker,region,expenses
62,female,39.0,1,no,southwest,3941.62
25,male,32.6,0,no,southeast,1650.44
32,male,37.8,0,no,northwest,1653.78
46,male,30.2,3,no,northeast,24667.85
30,male,46.1,0,no,northeast,9156.37
40,male,20.8,1,no,northwest,2679.04
37,male,25.8,0,no,northeast,8925.52
44,female,35.9,0,no,southwest,12984.87
60,female,20.8,1,no,northeast,19807.63
55,female,22.3,1,no,southeast,12360.04
25,male,23.2,0,no,northwest,1626.74
46,male,37.0,0,no,southwest,1903.89
57,female,35.4,4,yes,southwest,35800.34
47,male,17.5,1,no,northwest,2640.43
27,female,36.7,2,no,southwest,1974.32
26,male,30.7,2,no,southeast,7069.74
23,female,27.4,0,no,southeast,34886.56
23,female,31.2,0,no,northeast,11368.72
36,male,26.4,0,yes,northeast,19788.2
58,female,20.4,0,no,northeast,7665.49
27,male,24.4,2,no,southwest,11512.73
39,male,37.5,2,no,southwest,11429.0
49,female,42.7,2,no,southwest,29184.19
43,male,39.4,3,no,northwest,21992.91
51,male,32.3,0,no,northeast,13977.76
61,female,24.2,0,no,southwest,8478.2
43,male,33.0,0,no,southeast,11350.91
41,male,34.4,3,no,southwest,3513.15
18,female,31.0,0,no,southeast,28788.76
19,female,21.3,0,no,southeast,3552.44
58,female,31.5,0,no,southwest,1342.4
52,male,29.2,1,no,northeast,9576.35
51,male,33.4,1,no,southeast,7430.49
44,female,31.1,3,no,northeast,13630.89
44,male,36.8,2,yes,southeast,16569.29
36,female,27.4,3,yes,northeast,9409.64
37,male,26.1,1,no,southeast,5910.85
23,male,20.5,0,no,northeast,5376.49
52,female,34.0,0,no,southeast,37330.21
64,male,21.8,0,no,southwest,6957.31
64,female,17.5,0,no,northeast,12148.96
63,male,39.7,0,no,southwest,10779.99
31,female,23.1,2,no,southeast,6957.29
58,male,30.8,1,no,northeast,1689.69
43,female,22.9,0,no,southeast,11310.95
43,female,35.3,3,no,southwest,29969.68
57,male,32.5,0,no,northeast,9514.13
62,female,25.7,1,no,southeast,13414.59
55,female,33.0,1,no,northeast,46510.53
56,male,34.1,1,no,northeast,22264.79
31,male,33.8,0,yes,northeast,6709.68
42,male,34.2,1,no,northeast,7512.0
64,male,45.5,3,no,southwest,8393.37
37,male,26.3,2,no,southeast,4493.91
60,female,17.4,0,yes,southeast,12982.75
40,male,31.3,1,no,southeast,8294.74
58,female,29.0,0,no,northeast,16003.68
20,male,32.9,1,no,southeast,3835.79
43,female,28.3,0,no,southeast,6333.94
22,male,30.8,1,no,southeast,5336.03
20,female,34.1,1,no,southeast,5069.04
44,male,46.7,1,no,southeast,7460.65
29,female,31.2,0,no,northeast,10613.51
40,male,40.9,1,no,southwest,17482.8
60,female,28.8,1,no,northwest,8294.08
55,male,36.5,2,yes,northeast,36427.16
50,male,37.6,1,no,northeast,7362.77
50,male,28.9,3,no,southeast,3071.7
49,male,47.6,0,no,northwest,12611.11
18,female,27.9,3,no,southeast,5386.54
37,male,38.4,0,no,northeast,14313.7
36,female,34.1,1,no,southwest,23878.57
44,female,28.7,1,no,northeast,7626.14
43,male,26.8,3,no,northeast,9079.0
50,female,31.8,3,no,northeast,14191.1
41,female,44.2,4,no,southwest,9739.14
23,female,33.2,4,no,southwest,11840.05
18,male,37.5,0,no,southeast,1735.65
28,male,32.0,0,no,southwest,15622.32
49,female,28.9,0,no,southeast,1822.96
32,female,32.1,2,no,southwest,13811.93
31,female,24.3,2,no,northeast,4463.88
41,male,23.4,2,no,northeast,9373.85
33,male,47.1,2,no,southwest,9810.97
63,female,30.0,0,no,northwest,4809.18
21,female,23.9,0,no,northwest,2115.14
40,male,20.5,2,no,northwest,6469.89
21,female,34.8,0,no,southeast,12128.29
49,female,34.4,2,no,northwest,2716.62
47,female,27.8,1,no,southwest,24696.22
44,male,26.3,2,no,southeast,11230.85
59,female,20.0,3,yes,southeast,38019.43
62,female,33.1,1,yes,southeast,2163.95
52,male,24.0,1,no,northwest,6869.45
58,male,24.2,2,no,southwest,8499.51
52,male,26.5,0,no,northeast,14364.62
51,male,20.9,0,yes,northwest,29632.39
28,female,29.7,1,yes,southeast,15235.39
60,male,35.2,3,no,northeast,9752.13
40,female,23.1,1,no,southwest,22804.84
36,male,31.2,0,no,northeast,1739.18
59,male,27.0,3,no,southeast,24902.05
59,female,29.7,0,no,northwest,6161.14
24,female,35.8,0,yes,northeast,48724.57
24,female,24.7,4,no,southwest,1735.45
29,male,25.8,1,yes,southwest,17393.47
36,male,21.3,0,no,southwest,16302.6
62,male,37.7,0,no,northeast,20574.41
42,male,39.0,0,no,southeast,16714.36
23,male,34.9,0,no,northeast,5501.82
62,male,33.5,0,yes,southeast,50016.66
54,female,27.4,0,no,southwest,6869.18
57,male,20.3,1,yes,northeast,27081.45
43,male,23.7,2,yes,southeast,37077.02
29,male,24.9,0,no,northwest,2100.83
33,male,30.8,1,no,northwest,7605.88
57,female,25.6,1,no,northwest,9637.2
22,female,28.3,1,no,northeast,10321.55
42,female,47.6,1,no,southwest,21955.16
47,female,25.7,2,no,northeast,13633.59
64,female,29.8,0,no,northeast,3930.08
51,male,36.3,0,no,southwest,9048.14
20,female,41.8,1,no,southeast,12593.52
35,male,30.5,2,no,northeast,8843.16
38,female,29.5,0,yes,southwest,47982.3
25,male,31.8,0,no,southeast,1619.54
26,male,29.6,1,no,southeast,6236.14
43,female,31.7,1,yes,northeast,6148.36
46,male,39.8,1,yes,southwest,43820.52
53,female,35.2,2,no,northwest,42263.4
44,female,40.5,1,no,southeast,11477.01
43,male,33.0,2,no,southwest,10923.99
51,male,20.2,0,no,southeast,2392.89
36,male,41.9,0,no,northwest,8020.19
45,female,38.5,1,no,northeast,4291.75
44,male,33.4,0,no,southeast,2386.84
63,male,34.7,0,no,northwest,12191.53
34,male,34.9,2,no,southwest,3408.59
57,female,32.7,3,no,southeast,11451.33
35,female,26.8,1,no,northeast,7530.5
54,male,37.4,0,no,northeast,31182.33
42,male,30.2,1,no,northwest,4855.61
44,male,22.3,2,no,northwest,23959.22
45,male,21.9,0,no,northwest,2525.31
37,female,39.8,0,no,northeast,2325.11
54,male,30.3,0,no,southeast,2571.0
22,female,39.8,0,yes,southeast,34897.05
29,male,30.5,3,no,southeast,4822.56
61,female,31.1,3,no,southeast,2406.89
33,female,35.9,0,yes,southwest,21183.25
64,male,32.2,0,no,northwest,8682.85
26,male,33.6,0,no,southeast,2554.95
55,female,38.1,0,no,northeast,2432.81
51,female,32.8,0,yes,southwest,35103.07
23,male,39.8,0,yes,southeast,35273.57
45,male,31.6,1,no,northeast,3995.62
22,male,35.0,2,yes,southwest,51991.19
23,male,37.7,1,no,northwest,9373.09
64,female,41.1,0,no,southwest,10163.9
29,male,46.0,1,no,northwest,10576.85
37,male,34.3,2,no,southeast,1198.39
48,male,28.9,3,no,southwest,9350.76
61,male,34.5,1,no,northeast,6418.86
45,male,35.1,0,yes,northwest,46504.42
23,female,31.9,1,yes,northwest,1566.81
37,female,27.4,2,no,northwest,9630.93
62,female,39.9,0,no,northwest,1705.44
46,male,29.5,2,no,northeast,6031.41
25,male,21.9,0,no,southwest,3070.84
29,female,36.8,1,yes,southeast,39885.78
54,female,20.9,2,no,southwest,16369.95
57,female,27.0,2,no,northwest,9570.91
32,female,29.9,0,yes,southwest,10266.33
62,male,31.6,0,no,northeast,7505.5
31,female,37.2,1,no,northeast,6475.73
51,female,31.4,1,yes,northeast,40736.46
56,female,20.6,0,no,southwest,12088.51
28,female,39.3,2,no,southwest,7300.73
31,female,28.7,0,no,northeast,5257.02
19,female,26.6,0,no,northwest,3948.47
23,female,32.2,3,no,southwest,8210.41
54,male,28.5,1,no,southwest,3427.49
30,male,22.5,2,no,northeast,14689.39
53,male,27.6,2,no,northeast,6221.2
44,male,31.8,0,yes,southeast,9679.12
39,male,31.5,0,no,northwest,11281.19
49,male,38.4,0,yes,southeast,34811.93
40,female,28.3,0,no,northwest,4138.48
23,male,33.1,0,no,southeast,10497.27
34,female,29.4,0,yes,southeast,40626.59
59,female,29.2,0,no,southeast,13057.09
41,male,30.8,1,yes,southeast,4726.32
61,male,29.0,3,no,northeast,23176.53
60,male,23.4,3,yes,northeast,25565.57
42,female,25.5,0,no,southwest,8643.61
31,male,32.3,0,no,southeast,5420.55
63,male,37.7,0,no,northeast,1176.37
38,female,38.5,0,no,southeast,1771.47
36,female,30.6,0,no,northeast,1633.74
47,female,36.7,0,no,northwest,1625.37
64,female,24.2,1,no,southeast,8346.17
44,male,39.3,0,no,northeast,1743.07
19,female,31.8,0,no,northwest,5688.01
18,male,37.7,0,yes,northeast,5423.88
59,male,22.4,0,no,southwest,7696.18
20,male,39.4,0,no,southeast,8556.38
28,female,45.6,0,no,southwest,26884.87
35,female,24.0,2,no,northeast,11552.12
43,male,22.7,2,no,southeast,7226.04
30,male,23.7,3,no,northwest,11524.47
31,male,39.5,0,no,southwest,1713.69
55,male,33.2,0,no,southeast,1399.84
24,female,22.8,1,no,northwest,3456.9
19,female,31.9,0,no,southwest,13895.31
26,male,38.3,1,yes,southeast,49334.9
58,female,30.3,0,yes,southeast,22230.67
18,female,46.6,1,no,northeast,5243.68
26,male,47.2,3,yes,southeast,17008.65
25,male,35.0,0,no,southeast,10796.83
42,male,35.1,1,no,southeast,8314.33
37,female,28.9,0,no,northeast,7404.36
42,male,31.8,3,no,southeast,1823.49
19,male,37.2,1,yes,northeast,16814.23
42,male,23.5,2,no,northwest,12374.25
31,male,33.9,3,no,northeast,16475.52
23,male,27.9,5,no,southeast,4490.24
29,female,33.3,0,no,northeast,4028.14
41,female,17.6,0,no,southwest,8899.04
63,male,37.8,0,yes,southwest,47776.81
58,female,25.3,0,no,southeast,3169.88
24,female,47.7,1,no,northwest,8110.68
44,female,25.6,2,no,southwest,9470.02
31,female,28.2,5,no,northwest,2619.77
29,male,29.6,0,yes,northwest,2237.54
52,female,47.1,1,no,southwest,1943.34
39,male,29.9,0,no,southeast,7585.77
57,male,27.8,1,yes,southwest,9565.24
52,male,32.2,1,no,southwest,23478.46
44,female,27.1,0,no,southeast,19809.04
37,male,33.4,1,no,southeast,3838.8
28,female,29.9,2,no,northeast,8589.36
46,female,43.3,0,no,northwest,13007.99
23,male,31.1,3,no,northeast,18557.29
46,male,22.7,2,yes,southeast,8314.56
49,female,31.3,0,no,southeast,10253.69
31,male,31.8,1,no,northwest,7723.37
48,male,21.8,0,no,southeast,11465.74
45,female,25.8,3,no,southwest,6981.67
63,male,21.1,0,yes,southeast,46187.47
42,male,31.6,0,yes,southeast,17508.81
25,male,40.5,0,no,southwest,1320.2
21,female,27.9,0,no,southwest,9172.38
50,male,31.3,3,yes,southeast,28208.59
38,female,29.8,0,yes,northwest,33828.33
45,female,34.3,3,no,southwest,37299.29
27,female,29.3,1,no,northeast,7214.71
28,female,29.0,2,no,southwest,21163.54
52,female,27.2,0,yes,southeast,21394.45
37,male,46.0,2,no,southeast,19026.67
46,female,44.7,1,no,southwest,24499.18
51,female,22.1,1,no,southwest,9791.39
24,female,21.3,0,no,northwest,2428.19
46,male,32.3,3,no,southwest,11926.36
55,female,20.8,0,yes,northwest,19322.48
39,male,29.8,1,yes,northeast,18373.61
62,male,32.5,2,no,southwest,41953.62
57,female,21.5,2,no,southeast,6581.42
28,male,34.6,2,no,southwest,6967.16
58,male,27.0,2,no,northwest,7658.79
23,male,28.8,0,no,southeast,3177.04
22,female,29.6,1,no,northeast,10574.83
59,male,24.8,2,yes,northeast,22586.49
28,female,47.4,0,no,southwest,7568.88
19,female,34.7,0,no,northwest,14456.17
24,male,29.8,0,no,southeast,1656.6
51,female,17.4,4,no,northeast,24747.32
41,male,30.7,3,yes,southeast,39084.22
19,male,46.5,2,no,northwest,7304.29
20,male,37.9,0,no,southwest,10361.06
22,female,33.7,0,no,southeast,9659.45
58,female,26.7,0,no,northwest,6687.78
29,male,24.7,1,no,northeast,4395.64
52,male,31.9,0,no,northeast,38203.44
25,female,32.3,0,no,northeast,3686.52
23,female,31.6,0,no,northwest,10896.11
18,male,35.8,1,no,southeast,24645.97
20,female,27.7,0,no,southwest,38817.26
50,male,42.1,2,no,northeast,14204.67
51,male,46.6,2,no,southeast,18791.86
18,male,37.9,2,no,northwest,30629.74
43,female,32.0,0,no,northeast,2193.84
39,male,30.7,0,no,northeast,2278.32
38,female,39.6,0,no,northwest,2049.47
43,female,38.8,0,no,northeast,9481.44
37,female,29.8,2,no,northwest,11262.8
27,female,29.5,1,no,northwest,2702.8
28,female,38.7,2,no,northwest,2535.14
55,male,29.9,1,no,northeast,8902.99
24,female,33.4,0,no,northwest,12849.23
45,male,25.4,1,yes,southwest,19908.82
50,male,23.3,3,no,northeast,2643.31
41,male,25.8,2,yes,southeast,22862.25
55,male,20.1,1,no,southeast,1147.18
24,male,38.4,0,no,northwest,11373.89
45,female,27.8,0,no,northeast,12937.05
44,male,26.8,0,yes,northwest,40782.69
25,male,32.8,2,no,northeast,6120.18
20,female,31.1,1,no,northeast,6010.41
39,female,35.2,0,no,southwest,3038.85
29,male,34.9,0,no,southwest,18662.26
64,female,26.1,1,yes,northeast,20675.96
25,male,29.4,1,yes,southeast,22651.66
63,female,27.8,1,no,southwest,2587.3
42,male,23.6,2,no,northwest,11845.33
25,female,22.9,1,no,southeast,6444.87
56,male,38.1,3,no,northeast,4770.33
28,female,30.2,2,yes,northwest,52325.6
25,male,26.7,1,no,northeast,1685.6
55,male,42.4,0,no,northwest,11391.01
46,male,37.3,2,yes,northeast,43222.96
29,female,26.7,0,no,northeast,3916.44
28,female,27.6,5,no,northwest,1626.71
48,male,23.9,4,yes,northeast,7907.19
28,female,26.3,3,no,southeast,19506.06
57,male,30.6,1,no,northwest,6111.08
44,male,31.0,3,no,northwest,11930.06
45,male,47.6,0,no,northwest,2145.83
56,female,34.4,1,yes,southeast,19602.79
32,male,29.4,0,yes,southeast,47915.05
62,male,44.7,0,no,northwest,12193.07
20,male,33.9,0,no,northwest,2351.59
31,male,30.6,2,yes,southeast,43199.6
49,male,37.3,1,no,southwest,7355.05
51,female,25.4,2,no,southwest,9565.26
41,male,39.9,3,no,southwest,3598.93
30,male,27.7,1,yes,northeast,6618.69
27,female,17.4,2,no,northwest,11139.59
39,female,30.2,1,no,southeast,7161.91
55,male,29.9,2,no,northeast,4434.88
18,female,32.7,0,no,northeast,5414.22
48,female,39.8,0,no,southeast,1718.08
44,female,37.8,1,no,southwest,5985.18
28,male,27.2,2,no,northeast,10207.36
36,male,28.7,2,no,northwest,2443.23
32,male,38.1,3,yes,southwest,27585.17
59,male,30.7,2,no,northeast,10678.61
54,female,17.3,2,no,northeast,15946.38
40,male,27.0,3,no,northwest,4103.37
31,male,35.1,0,no,southeast,10166.97
60,female,20.3,5,no,southeast,8102.35
50,male,37.4,1,no,southeast,4578.73
32,male,25.9,0,yes,northeast,41578.41
23,female,17.4,0,no,southeast,5730.98
18,male,47.1,0,no,northwest,13283.36
33,male,30.7,3,no,northeast,6386.3
64,female,32.0,0,no,southwest,11454.6
53,female,32.5,0,no,northeast,12034.64
39,female,34.1,1,no,southwest,1985.79
48,female,33.9,1,no,northeast,1654.44
33,male,20.6,1,no,northwest,8619.32
41,male,37.3,0,no,northeast,9387.99
35,female,27.1,2,yes,southwest,40455.54
30,female,30.3,3,no,southwest,2298.34
38,male,38.9,0,no,southeast,11316.33
50,male,29.7,2,no,southwest,10721.06
18,female,27.8,3,yes,northeast,6916.42
33,female,29.1,1,yes,northeast,5439.69
42,female,28.8,2,no,southwest,6172.22
48,male,29.9,2,yes,southwest,41899.72
39,female,27.3,1,yes,southeast,38753.98
28,female,27.4,0,yes,southeast,28304.6
57,female,17.4,3,no,northwest,6006.85
31,male,29.8,0,no,northeast,1956.77
27,female,17.4,0,yes,northeast,14512.71
36,male,37.5,0,no,northwest,2717.6
28,male,47.0,3,yes,southeast,48521.29
29,male,41.7,1,no,southeast,3569.46
22,male,31.9,0,yes,northeast,38384.86
31,male,23.8,2,yes,southeast,45423.43
27,male,38.7,0,yes,southeast,11303.9
52,male,38.6,2,no,northeast,4118.0
47,female,38.6,0,no,northeast,8492.59
39,female,23.7,0,no,northeast,6493.08
48,female,32.2,0,no,northwest,5276.68
44,female,27.2,1,no,northwest,7608.22
64,male,27.7,0,no,northwest,12767.65
45,female,28.9,0,no,northeast,2045.63
22,female,24.5,2,no,southeast,26495.1
26,female,44.2,1,no,southwest,9756.85
41,female,20.9,2,no,southeast,8914.3
44,female,24.8,0,no,southwest,13077.46
22,female,27.7,1,no,northeast,33885.1
31,female,33.0,0,no,northeast,2190.66
44,female,35.3,0,no,southeast,1298.23
37,female,24.3,2,yes,southwest,42580.77
35,male,29.9,0,no,southwest,8825.12
63,female,28.8,0,no,northeast,11362.58
45,female,17.4,3,yes,southwest,16777.95
44,male,23.4,2,no,southwest,5095.51
33,male,37.8,3,yes,southwest,43977.17
19,male,25.1,0,no,southwest,8153.48
20,male,30.0,0,no,southwest,4432.43
43,female,17.5,1,no,northeast,7602.09
63,male,32.7,0,yes,northeast,39488.72
26,female,26.7,0,no,northeast,12537.59
35,male,47.5,0,yes,southwest,39300.45
49,female,34.0,0,no,northwest,7784.83
59,male,36.1,1,no,northeast,1622.46
28,male,39.6,0,no,southeast,1189.65
36,female,20.9,1,no,southwest,11920.21
18,male,32.7,0,yes,northeast,19683.21
21,female,27.8,3,no,northwest,7082.36
19,female,25.1,0,no,northeast,14400.46
57,male,40.4,2,no,northwest,9388.57
37,female,20.5,0,no,southwest,1782.65
18,male,25.4,1,no,southeast,5429.99
49,female,26.8,1,no,southeast,5512.49
34,male,33.2,1,no,northwest,3039.21
30,male,33.8,4,no,southeast,9813.32
23,female,39.8,1,no,southeast,1719.76
41,male,30.0,2,no,southwest,6293.32
29,male,20.5,3,no,northwest,10723.23
23,male,32.4,0,no,southwest,2377.06
59,male,36.0,3,no,southeast,36062.47
50,male,31.2,0,no,northwest,1613.14
64,female,31.6,2,no,southwest,11572.42
35,male,23.2,1,no,northeast,6756.08
26,male,27.6,0,no,northwest,6120.91
61,male,32.1,1,no,northeast,12655.02
32,male,41.3,3,no,northeast,1627.52
47,male,46.4,1,no,northeast,18734.75
36,male,31.5,3,no,southeast,4500.81
21,male,28.8,1,yes,northwest,19475.15
43,male,31.5,1,no,northeast,13404.52
60,male,24.5,0,no,northeast,7135.63
21,male,43.6,1,no,southeast,5112.58
62,male,31.7,0,no,southeast,13041.3
20,male,43.8,0,yes,southeast,35743.75
40,male,38.2,1,no,northeast,9349.0
63,male,25.3,0,yes,southeast,1997.11
25,female,27.2,3,no,southwest,10659.5
49,female,31.8,0,yes,northwest,44247.55
23,female,21.0,1,yes,northeast,35049.71
42,male,29.0,2,yes,northeast,18138.93
19,male,28.5,3,no,southwest,9898.84
37,female,39.0,0,no,northwest,3527.64
29,male,21.4,0,no,northeast,2035.95
41,female,29.0,1,no,southwest,11917.42
18,male,38.0,3,no,southwest,44350.23
49,female,32.9,0,no,northwest,8596.82
53,female,25.5,1,no,southeast,8664.83
62,female,22.9,2,no,northeast,4116.82
44,male,31.0,3,no,southwest,11850.26
45,female,37.8,0,no,northeast,48478.24
19,male,25.0,1,no,southeast,5579.42
28,male,26.9,1,no,southwest,7207.76
60,male,29.1,1,yes,northeast,12740.63
52,female,30.0,1,yes,southeast,42149.78
41,female,24.5,3,no,southwest,5111.41
55,male,31.1,3,no,southeast,6277.93
26,female,29.7,0,yes,southwest,42133.71
41,female,38.1,2,no,northwest,4368.35
48,male,33.4,3,no,southwest,2489.12
35,male,20.7,3,no,northwest,9773.02
46,male,37.3,1,no,southeast,29065.7
62,male,39.9,0,no,southwest,10665.71
56,male,25.7,1,yes,southwest,48931.92
40,male,20.7,2,yes,southeast,34121.69
30,male,45.9,0,no,southeast,2851.63
40,male,38.1,3,no,northwest,6131.87
18,male,30.4,0,no,southwest,52017.07
43,female,29.6,0,no,southeast,14484.78
28,female,25.2,3,no,northwest,6587.35
56,male,46.0,0,no,northwest,18027.91
27,female,30.9,3,no,southeast,6991.06
18,female,41.6,0,no,northwest,8498.2
21,male,34.7,0,yes,northwest,13349.51
50,female,47.0,0,yes,southeast,24635.4
38,male,38.7,1,yes,northwest,17885.03
49,male,29.8,1,no,northeast,17052.72
33,male,33.1,0,no,southwest,4382.43
27,male,46.9,0,no,northwest,2777.55
45,male,23.2,0,no,southwest,3003.28
38,male,32.7,1,no,southwest,3265.16
24,male,31.6,0,no,northwest,1203.14
55,male,38.2,1,yes,northwest,41868.88
31,male,31.0,0,no,northeast,5712.24
37,male,28.8,0,no,northeast,25487.95
39,female,29.3,3,no,northwest,12515.52
52,female,26.5,1,no,northwest,6686.14
36,female,47.7,2,no,northeast,4874.33
42,male,33.2,0,yes,southeast,12781.59
23,female,27.4,1,no,southwest,5437.93
63,female,33.1,3,no,northwest,5672.77
53,female,38.8,1,no,southeast,23745.54
57,male,37.2,0,no,northeast,12331.85
39,male,35.8,1,yes,southwest,50826.38
43,female,28.8,0,no,northeast,8253.51
49,male,36.6,2,no,southwest,7505.14
40,female,28.9,0,no,southeast,7661.07
18,male,31.4,1,yes,southeast,1734.16
28,female,31.0,3,no,southwest,4654.38
48,female,32.2,0,no,northeast,2285.43
56,female,28.0,1,yes,northeast,21211.37
30,male,20.1,1,no,southwest,7135.44
35,male,33.4,2,yes,southeast,29230.61
35,male,25.1,2,no,northeast,4352.63
64,female,33.7,1,no,southwest,18553.36
49,male,33.6,0,yes,northeast,15490.36
19,female,29.4,1,no,southwest,13054.56
58,male,27.9,0,yes,southeast,11784.52
49,female,35.8,1,yes,northeast,16563.0
24,male,27.0,1,yes,southeast,5255.05
27,female,25.6,2,no,northwest,24645.25
42,male,47.7,0,no,northwest,2578.51
52,male,39.7,1,no,northeast,17897.46
40,male,23.6,0,no,northwest,3004.36
64,male,30.5,0,no,northwest,12124.51
59,male,31.0,1,no,northeast,5513.19
36,male,45.0,3,no,southeast,1926.43
18,female,23.1,4,no,southwest,12942.27
51,male,35.4,0,no,southeast,40795.1
54,female,26.7,2,no,southwest,6444.3
58,male,26.5,1,no,southeast,8463.78
33,female,22.9,1,no,northeast,7726.34
38,female,39.0,0,no,southeast,7965.69
33,female,35.3,0,no,southeast,6640.67
23,male,26.8,1,no,southwest,1939.88
44,female,26.7,0,yes,northeast,38791.19
18,male,31.5,2,no,northeast,28150.68
63,female,27.4,3,yes,northwest,24637.97
37,male,29.8,0,no,southwest,1231.25
58,female,23.3,0,no,southwest,6757.96
49,female,41.9,1,no,southeast,1188.19
34,male,23.2,0,no,northwest,1160.15
29,female,30.6,3,no,northwest,11435.25
26,female,33.2,3,no,northeast,2280.83
31,female,28.6,0,yes,northwest,21873.6
56,female,42.4,1,yes,southeast,18179.6
33,female,41.8,1,no,southeast,6438.1
18,female,23.7,2,yes,southwest,19743.33
58,female,38.3,0,no,southeast,1885.85
54,female,38.0,3,no,southwest,8561.12
60,female,27.9,1,no,southeast,11032.09
64,male,17.3,2,yes,northwest,4094.97
28,male,34.8,3,no,southeast,8276.68
39,male,31.2,0,no,northeast,9584.49
51,male,38.2,4,no,northeast,7684.83
48,female,39.4,0,no,southwest,10482.04
45,male,20.0,0,yes,northeast,18382.87
47,female,31.1,0,no,southeast,9274.37
53,female,39.3,3,yes,southwest,46454.41
50,male,27.0,1,yes,northwest,41861.56
47,female,18.8,0,yes,southeast,39866.33
60,female,21.0,0,no,northwest,4230.84
33,female,37.7,1,no,southwest,16919.78
59,female,24.0,1,no,northeast,2702.51
37,male,27.1,0,no,southeast,2181.73
45,male,33.7,0,no,northeast,13381.32
37,female,33.1,0,no,southeast,7817.53
18,male,29.5,0,no,southeast,19180.85
43,male,33.8,0,no,northwest,43589.73
34,female,20.8,1,no,southwest,8853.53
46,male,32.6,1,no,northeast,4024.92
59,male,22.6,5,yes,southeast,22058.82
47,male,37.4,0,yes,southeast,35181.42
44,female,25.6,0,yes,southeast,15848.38
57,male,30.2,3,no,southeast,2298.66
54,female,21.3,1,no,northwest,16661.13
42,male,31.0,0,no,southeast,3997.81
59,male,24.7,1,no,southwest,9830.71
44,male,32.2,0,no,northeast,2135.21
39,male,33.4,0,no,southeast,1678.64
32,male,37.1,3,yes,northeast,37012.45
19,female,30.8,0,no,southwest,3921.95
27,female,33.3,0,no,northeast,19772.49
29,female,36.8,2,no,southeast,16287.49
30,male,32.4,1,no,northeast,4198.02
31,female,33.8,2,yes,northwest,34505.71
55,male,35.4,0,no,southeast,4446.3
25,female,29.7,4,no,northeast,21236.31
23,female,29.8,2,no,northwest,4348.43
50,male,30.5,1,no,northwest,4762.07
36,male,31.3,0,no,southeast,5715.26
40,male,21.3,1,no,southeast,2178.4
42,female,23.5,2,no,northwest,25715.38
52,female,34.6,0,no,northwest,23796.78
54,female,36.6,1,no,southwest,8988.45
34,female,35.9,0,yes,southwest,40547.36
51,female,33.3,1,no,northwest,19032.79
44,male,31.7,0,no,southwest,1309.25
19,female,28.7,0,yes,northwest,52032.09
61,male,25.9,1,yes,southeast,38621.62
37,female,32.0,0,no,northwest,9167.07
47,female,36.2,0,no,southeast,7073.99
19,female,27.6,3,no,southwest,2635.64
44,female,30.4,2,no,northwest,1666.54
18,male,26.5,0,no,northeast,28044.48
30,female,25.9,0,yes,northwest,16164.51
59,male,35.7,0,yes,southwest,35330.2
39,male,29.7,0,yes,southeast,44488.76
44,male,26.3,0,no,northwest,15108.13
45,female,25.2,2,no,northwest,2633.69
49,male,34.8,0,no,southwest,2400.11
19,male,33.6,0,no,southwest,4400.9
22,male,20.7,1,no,northeast,9904.04
30,male,24.9,0,no,southeast,9072.57
57,female,23.6,3,no,northeast,6404.87
53,female,27.8,3,no,southwest,9157.09
19,female,21.9,1,yes,northwest,43084.52
53,female,30.4,1,no,northeast,1349.75
49,female,28.5,1,no,southwest,5777.88
28,male,43.2,1,no,northwest,3864.58
24,male,32.4,3,yes,southwest,46697.99
53,female,29.9,1,no,northeast,20528.49
39,male,33.4,0,no,northwest,18911.15
54,female,27.3,0,no,northeast,8690.8
46,male,34.6,2,no,southeast,8803.99
18,male,31.2,0,no,southeast,10690.8
56,male,33.6,2,no,southeast,7590.27
64,male,31.8,0,no,southwest,13814.75
24,female,26.0,3,no,northwest,14574.02
50,male,23.6,2,no,northwest,11791.4
23,female,32.1,0,no,northeast,14271.8
49,female,24.0,0,yes,northwest,24576.07
53,female,33.3,0,no,northwest,4501.59
21,male,30.2,1,yes,northeast,39165.33
29,male,30.5,0,no,southwest,13115.53
35,female,28.6,3,no,southeast,11902.88
57,female,28.0,0,no,northwest,4044.44
19,female,34.1,0,no,southwest,3873.11
63,male,17.4,0,no,northwest,2275.16
24,male,29.8,4,no,southwest,5722.3
22,male,32.1,3,no,northwest,4847.45
38,male,17.5,0,no,northeast,2663.78
61,male,39.6,0,no,southwest,11911.27
56,female,24.4,3,no,southwest,2336.18
56,female,27.3,2,no,southwest,7628.18
30,male,29.3,3,no,northeast,7568.42
35,male,22.8,3,no,northwest,6489.29
18,female,36.9,0,yes,southeast,22175.45
47,female,27.0,1,no,southeast,8673.95
40,male,22.0,0,yes,northeast,14499.43
53,female,27.6,1,no,southwest,5033.61
23,male,25.5,0,no,northeast,10064.39
44,male,38.9,0,no,southwest,11300.4
63,male,34.1,5,yes,northeast,38940.55
26,male,47.3,2,no,southeast,37128.04
27,male,21.4,1,no,southwest,1856.18
64,female,25.1,0,no,southwest,4381.41
43,male,37.1,2,no,northeast,5332.15
27,female,25.4,2,no,southwest,3407.34
41,male,29.8,1,no,northwest,19927.2
35,female,29.4,2,no,southwest,5722.84
59,female,30.2,0,no,northwest,21394.03
51,male,34.9,1,no,northeast,8262.75
33,male,32.2,1,yes,northeast,34655.05
38,male,20.2,1,no,northwest,1609.54
23,male,37.8,1,no,northeast,18769.14
40,male,28.0,4,no,northwest,1974.08
38,male,34.8,0,no,southwest,1495.22
21,female,26.5,0,no,southwest,5488.01
30,male,33.1,0,no,northeast,2509.11
26,female,29.2,0,yes,northeast,16682.49
24,male,27.7,2,no,southwest,3327.8
47,female,21.8,0,yes,southwest,9762.67
56,female,27.1,1,yes,southwest,16217.98
26,male,30.2,0,no,southeast,1695.59
34,male,23.8,2,no,northwest,24926.48
50,male,32.3,3,no,southwest,13697.51
44,female,25.8,1,yes,southwest,42671.25
57,female,23.0,0,no,southeast,7263.48
34,female,37.3,3,no,southwest,10306.61
46,female,35.6,2,no,southeast,4437.76
21,female,29.2,0,no,southeast,8258.64
46,male,27.3,2,no,southwest,10683.16
63,male,38.4,3,no,southwest,2583.17
34,female,31.1,2,no,northwest,3279.76
25,male,29.9,0,yes,southeast,10812.69
46,female,37.2,2,no,northeast,8386.27
44,female,34.7,3,yes,northwest,37707.98
61,male,33.0,0,no,southwest,3555.24
58,male,25.4,0,no,southeast,1616.13
62,female,39.8,2,no,northwest,13882.29
26,female,29.5,1,no,southwest,1625.14
37,male,28.5,1,no,southeast,1461.28
39,female,47.7,2,no,southeast,9625.41
29,male,33.0,1,no,southwest,11101.43
43,female,28.0,0,no,southeast,12098.96
21,male,35.0,0,no,southwest,1198.06
43,female,23.5,2,no,southwest,6494.46
50,female,31.8,0,no,southeast,2628.1
30,male,20.7,1,no,northeast,8869.83
57,male,29.7,2,yes,northwest,25600.1
51,male,27.7,0,yes,northeast,22663.18
23,male,36.4,3,yes,northeast,49070.92
35,female,22.6,1,yes,southwest,52561.36
43,female,30.0,3,no,northeast,3586.07
37,female,29.4,3,no,northeast,26043.35
18,female,30.4,0,no,northwest,12250.56
60,male,32.7,0,no,northwest,8119.47
60,female,37.3,2,no,northwest,11124.27
54,female,21.2,2,no,southwest,2109.41
64,female,33.4,2,no,southwest,11014.02
33,female,34.6,0,no,southeast,2227.48
47,male,27.8,0,no,southwest,5109.64
63,male,31.5,1,no,southwest,1937.72
30,female,35.0,2,no,southeast,9115.37
25,female,46.9,3,no,northeast,6942.06
32,female,38.0,1,no,southwest,10155.01
59,male,33.6,3,yes,northwest,16674.95
44,female,20.2,1,no,northwest,9858.79
58,female,30.7,1,yes,southwest,35549.39
47,female,39.6,0,no,southwest,2308.76
44,male,29.6,0,no,northwest,1623.74
35,female,41.4,0,no,northeast,16568.23
29,female,31.0,0,no,northeast,9888.56
42,female,38.8,0,no,southeast,4975.28
28,female,47.0,1,no,northeast,1961.71
50,female,39.8,0,no,southeast,6893.47
29,female,39.3,3,no,northwest,4911.44
21,female,26.7,0,yes,southwest,18817.83
60,female,36.3,2,no,southeast,5204.03
51,female,44.5,0,no,southeast,10613.38
57,male,40.7,3,yes,northwest,22357.41
53,male,29.9,1,no,northwest,2059.23
52,female,37.0,3,no,southeast,10561.11
43,female,21.1,0,no,southeast,3905.52
27,female,47.7,1,yes,northeast,12830.57
48,male,21.8,3,yes,southwest,12444.88
19,female,20.2,1,no,southwest,10744.27
36,female,21.2,1,yes,northwest,40571.96
54,male,29.9,4,no,southeast,27344.89
52,female,30.5,2,no,northeast,3860.34
64,male,39.1,1,yes,northwest,22904.08
61,male,23.4,0,no,southwest,3835.56
47,male,26.7,1,no,southeast,16209.7
22,female,17.5,1,yes,northeast,22899.6
29,female,30.3,2,yes,northwest,36011.17
49,female,40.0,3,no,southwest,11218.48
55,male,31.1,0,no,southeast,12470.38
24,female,31.9,1,no,southeast,2544.84
36,female,31.9,0,no,southeast,1153.97
24,female,25.6,1,no,southeast,2275.92
39,male,27.7,0,no,southwest,14058.21
29,female,25.9,3,no,southeast,9238.41
45,male,21.1,0,no,northeast,2165.17
61,male,36.4,2,no,northeast,14422.82
55,male,41.1,0,no,southeast,12342.12
19,female,24.9,1,no,northwest,19934.7
26,female,27.8,2,no,southwest,27323.29
64,female,24.5,0,no,southeast,9008.77
34,female,28.1,2,no,northeast,3431.97
38,female,35.3,2,no,southeast,8188.03
63,male,32.0,0,no,northwest,11393.31
50,male,21.3,2,no,southwest,5730.97
34,female,33.4,2,no,northwest,4148.13
35,male,47.7,2,no,southeast,2529.25
49,female,28.0,2,yes,northwest,14481.65
28,male,27.7,2,yes,southeast,50511.53
39,female,26.1,0,yes,northwest,8042.23
22,male,23.5,1,no,southeast,5054.9
19,female,33.3,0,no,southwest,1289.87
31,male,17.5,3,yes,northeast,44322.61
22,male,38.7,1,no,southwest,1830.35
18,male,23.6,1,no,northeast,3249.2
40,female,26.3,3,no,southeast,4326.64
51,female,39.8,0,yes,northwest,42353.71
63,male,25.9,0,no,northeast,13825.9
25,male,20.9,0,yes,southwest,30930.37
22,female,38.7,0,no,southwest,9876.0
30,male,31.3,1,no,southwest,20912.27
49,female,24.9,2,yes,southeast,42247.66
63,male,39.4,0,no,southeast,1621.2
48,male,29.9,2,yes,southwest,21609.77
62,female,29.6,3,no,northwest,1741.71
46,female,25.1,3,yes,southwest,39488.86
30,female,37.3,1,no,southeast,7551.88
25,male,44.1,1,yes,northeast,6345.21
52,male,34.1,4,no,northeast,6523.52
40,female,33.9,2,no,northeast,8460.71
55,male,38.1,0,no,southwest,17851.42
29,male,28.6,1,no,northwest,9902.25
55,male,27.8,3,yes,southwest,21197.79
29,male,30.5,0,no,southwest,5999.36
32,male,31.7,0,yes,southwest,3898.12
64,female,39.7,4,no,southwest,5391.26
36,female,25.6,1,no,northeast,9024.84
61,male,27.9,1,yes,northwest,19950.6
30,female,34.7,1,no,southwest,9474.08
36,male,37.6,2,no,southeast,13639.62
54,female,41.8,1,no,southeast,5707.6
42,female,20.8,0,no,northwest,12388.96
57,female,36.7,0,yes,northwest,35103.44
25,female,32.8,0,yes,northwest,17042.95
60,male,35.7,2,no,northeast,12211.78
29,male,26.1,0,yes,southwest,6841.47
53,female,41.0,0,no,northwest,13401.42
23,female,28.8,1,no,southwest,35186.66
35,male,35.8,3,no,southwest,11945.09
40,female,20.3,2,yes,southwest,22525.12
60,male,35.7,2,no,southwest,7180.94
31,male,31.3,0,no,southwest,22114.59
51,male,31.0,1,no,northwest,7315.27
42,female,29.7,0,no,northeast,9709.56
60,female,43.8,1,no,northwest,11532.94
25,female,30.2,1,yes,northeast,23878.67
51,male,30.3,0,no,southwest,13445.14
45,male,26.6,0,no,southwest,8443.45
18,male,25.5,2,no,northwest,6906.6
30,female,27.2,1,no,northwest,14455.65
60,female,36.3,4,no,northwest,13020.26
30,male,31.9,3,yes,northwest,32820.44
37,male,22.3,0,no,southwest,12578.93
27,male,26.8,1,no,southeast,9823.61
47,male,31.9,0,no,southwest,13155.84
54,female,20.9,2,yes,northeast,23386.53
37,female,26.5,0,no,northeast,2766.45
24,female,29.8,2,no,northwest,14552.81
38,male,39.5,3,no,southwest,27817.44
45,male,34.7,2,no,southeast,10239.49
61,female,29.1,1,no,northeast,48545.12
31,female,47.1,2,no,southeast,24271.65
20,male,40.8,0,no,northwest,9758.15
42,male,23.3,1,yes,northwest,46455.05
55,female,36.9,2,no,southwest,2900.56
61,female,17.4,2,no,northeast,7382.61
30,male,38.6,3,no,northwest,29859.66
57,female,30.3,1,no,southwest,1159.59
50,female,24.5,2,no,southeast,5197.0
41,male,38.2,0,no,northeast,7202.63
53,female,39.9,0,no,southeast,4361.5
22,female,29.0,1,no,northwest,8359.43
33,female,33.6,1,no,southeast,4296.97
18,male,31.7,0,no,northeast,10564.87
53,male,33.4,1,no,southwest,14223.45
46,male,35.0,3,no,southwest,5776.48
29,female,47.6,2,yes,southeast,36151.03
21,female,31.8,3,no,southwest,11842.31
61,female,17.4,2,no,southwest,17455.51
50,female,46.0,1,no,southwest,2550.9
63,male,30.7,2,no,northwest,33687.83
64,male,27.1,1,no,northwest,15794.08
30,male,24.1,2,no,northwest,23600.0
56,male,31.8,2,no,southeast,16936.57
19,male,28.8,3,yes,southwest,19708.47
38,female,26.3,4,yes,southeast,1740.46
19,male,25.4,0,no,northwest,1634.69
24,female,32.1,0,no,northwest,11864.79
43,female,33.1,0,no,northeast,2190.4
20,female,25.5,0,no,northeast,21608.29
62,male,29.7,1,yes,northwest,7802.73
51,female,41.9,0,no,southeast,6275.17
55,male,47.2,2,no,southeast,3097.1
35,female,26.1,1,no,northeast,33073.63
45,female,25.3,0,no,northwest,2367.67
29,male,22.6,0,yes,southwest,27880.54
18,female,34.7,2,no,northeast,3502.37
34,male,26.0,2,no,southeast,8637.82
64,female,41.9,4,no,southwest,9384.49
29,male,35.3,4,no,southeast,9825.81
62,male,22.7,0,no,northeast,13573.94
55,male,38.1,2,no,northwest,4417.86
62,female,19.6,3,no,northwest,16869.38
27,male,37.8,2,no,northwest,32649.01
21,male,29.6,0,no,southeast,7745.18
23,male,20.3,2,yes,southeast,43479.17
45,female,26.2,1,yes,southeast,37020.76
37,female,47.3,3,no,southeast,9860.65
38,male,30.8,3,yes,northeast,38947.43
33,male,38.9,1,no,northeast,3317.65
61,male,24.7,1,no,southeast,8829.24
34,male,32.6,2,no,northwest,18884.23
28,male,20.5,0,no,southeast,3685.31
62,male,32.6,0,no,southeast,3136.58
19,male,45.1,0,no,northwest,1345.61
43,male,34.0,0,yes,southwest,1161.55
24,female,28.8,3,yes,southeast,23843.24
46,female,44.7,2,yes,southwest,36600.97
58,female,39.4,0,no,southeast,1609.89
64,female,27.6,2,no,northwest,9669.71
31,female,26.3,0,yes,southwest,21243.35
62,female,35.7,1,no,northwest,8793.41
45,female,27.8,2,no,southwest,7103.9
52,male,23.9,1,no,northwest,4837.56
52,male,28.6,0,no,northeast,9737.69
63,male,42.2,0,no,northwest,17512.51
39,female,29.1,0,no,southwest,1173.65
33,female,22.0,1,no,northwest,2278.11
29,female,34.6,0,no,southwest,4131.94
22,male,33.9,3,no,southeast,10393.51
49,female,36.8,1,no,northwest,11161.03
23,female,34.3,0,no,northwest,27576.12
61,male,34.1,3,no,northwest,20429.12
35,male,32.1,3,no,southwest,17926.17
58,female,29.6,0,no,northeast,3924.86
61,male,30.0,0,yes,southeast,45162.78
33,female,25.7,1,no,southwest,9642.52
47,male,29.7,1,no,northeast,7160.68
47,male,33.4,0,yes,northeast,36424.97
30,female,30.5,2,no,northeast,12401.98
28,male,29.7,1,no,southeast,1810.86
33,female,34.5,0,no,northwest,12068.8
27,male,29.6,1,no,northwest,11291.97
19,male,25.5,2,no,northwest,3566.83
63,male,26.0,0,no,southwest,2951.23
33,female,43.7,3,no,southeast,28590.06
43,male,30.5,0,yes,northwest,17656.58
30,male,27.6,3,yes,southeast,49607.68
21,female,28.1,1,no,southeast,8443.89
48,male,25.2,1,no,southwest,14575.7
43,female,38.1,0,no,southwest,10804.62
41,male,25.7,0,no,southwest,5417.68
43,male,27.8,0,no,northeast,4594.43
52,male,30.7,0,no,northwest,10867.56
29,female,28.3,3,no,southwest,14210.73
24,male,23.7,2,no,southeast,17445.95
64,male,20.0,3,no,northwest,2274.5
43,male,33.1,0,yes,northeast,16843.25
30,female,27.3,3,yes,southwest,22447.56
19,male,40.3,0,no,southwest,10509.73
23,female,33.2,3,yes,southeast,41060.67
51,male,35.7,1,yes,northeast,17587.37
64,male,29.0,0,yes,southwest,35705.1
18,female,34.4,2,no,southwest,9204.97
40,female,18.1,0,yes,southeast,40179.95
51,female,17.3,2,no,northwest,8699.37
21,female,29.0,0,no,northwest,12384.39
22,female,29.4,0,yes,northeast,21081.81
18,female,37.9,0,no,southeast,28171.47
54,male,43.9,0,no,southwest,1663.98
23,male,30.1,1,no,northeast,45703.93
20,male,26.8,1,no,northeast,6555.92
58,female,17.5,1,no,northwest,32920.84
58,female,28.5,1,no,southeast,13896.82
57,female,32.1,0,no,southeast,7848.04
41,female,41.4,3,no,southwest,9302.55
33,female,27.1,0,no,southeast,2593.56
53,male,44.1,2,no,southwest,4609.71
60,female,27.8,1,no,southwest,4671.41
35,male,26.9,2,yes,northwest,19051.28
18,male,39.1,2,no,southeast,1170.16
21,female,43.7,0,no,southwest,1874.32
61,male,29.5,1,no,southeast,8538.3
54,male,25.1,1,no,southeast,9717.18
32,male,32.0,2,no,northwest,8893.28
62,female,37.7,1,no,southeast,1717.81
43,female,24.6,1,yes,northeast,19807.95
46,male,29.8,0,no,northwest,10741.43
32,male,35.4,1,no,southeast,14393.72
43,female,22.8,1,yes,southeast,38875.07
23,male,30.2,1,no,southeast,6282.57
28,male,25.3,0,yes,southwest,24110.43
57,female,24.5,1,yes,southwest,8158.34
47,female,25.2,3,no,southwest,8500.85
33,male,38.6,3,no,southeast,36741.6
20,female,20.2,1,no,southeast,3965.18
47,female,33.3,5,no,southeast,11488.17
36,male,37.7,0,yes,southeast,43644.13
62,female,27.2,2,no,southeast,4744.58
18,male,26.1,3,no,southeast,11109.8
38,male,23.7,1,no,northwest,4859.04
18,female,21.5,1,no,northeast,25690.09
58,male,37.6,0,no,southeast,1218.12
20,female,31.0,0,no,southwest,1972.27
30,male,44.8,2,no,northwest,12260.51
44,male,35.4,2,no,northwest,13575.19
36,male,28.6,1,no,southeast,10215.78
24,female,34.2,3,no,southeast,4005.52
46,male,31.8,1,no,southeast,3974.15
26,male,38.8,0,no,southeast,17425.87
55,female,23.4,1,no,northeast,10946.04
31,female,37.1,5,no,northwest,10644.29
63,female,32.1,0,no,northeast,3165.15
35,male,25.9,0,no,southwest,11334.82
25,female,27.1,2,yes,southeast,39833.75
53,female,26.2,0,yes,northeast,41871.31
52,female,33.7,2,no,southeast,19789.45
51,male,30.4,0,no,southeast,12930.32
51,female,46.8,3,no,southeast,9803.75
21,female,32.9,2,no,northwest,4851.97
34,male,34.2,3,no,northeast,2054.99
29,female,35.9,0,no,southwest,1237.14
52,male,30.3,1,no,northeast,4014.84
63,female,28.8,0,no,southeast,15040.04
31,female,25.7,2,no,northwest,11896.22
42,female,43.9,1,yes,southeast,41064.91
28,female,30.0,1,no,southwest,23226.77
37,male,34.0,0,no,southeast,3990.97
38,male,35.8,0,yes,northeast,37520.25
24,female,25.2,0,no,southeast,1230.9
25,male,32.4,0,yes,southeast,48718.9
28,female,21.5,1,no,northeast,7084.97
59,male,35.2,1,no,southwest,6485.15
46,male,23.6,3,no,northwest,5039.06
37,male,17.4,3,no,northwest,3560.53
51,female,26.9,0,no,southwest,4895.86
18,male,34.5,0,no,southwest,7305.82
31,female,33.7,2,no,northwest,11507.66
49,female,29.3,0,no,southeast,15952.2
60,male,34.4,0,no,southeast,3255.49
49,female,29.8,0,no,southwest,7333.91
31,male,20.9,3,yes,northeast,4903.44
54,male,26.5,2,no,southwest,8112.48
33,female,25.9,0,no,northeast,28645.72
31,female,27.0,1,yes,southeast,41566.56
54,male,47.2,0,no,northeast,37881.39
24,male,33.2,2,no,southeast,7164.34
18,female,37.1,1,no,southwest,7477.58
28,female,24.0,1,yes,southwest,12503.13
18,female,32.9,2,no,southeast,4139.59
28,female,39.1,0,no,southwest,10838.43
57,male,30.0,1,no,southwest,6483.41
60,male,22.9,2,yes,southeast,23418.36
22,female,29.0,2,no,southwest,8931.63
42,male,18.2,0,no,northeast,5529.82
40,male,27.4,0,yes,southwest,35716.29
36,female,38.3,2,no,southeast,5376.91
60,female,34.7,0,no,northwest,12840.27
59,female,36.5,0,no,southeast,21416.62
56,female,35.3,0,no,northeast,31542.36
38,female,30.0,0,no,northwest,5414.53
27,female,38.3,1,yes,northeast,10594.9
27,female,17.3,2,no,southwest,3161.2
35,male,32.3,1,no,southwest,6507.36
38,male,27.7,0,no,northeast,2954.98
21,female,28.1,0,yes,northeast,1665.32
50,female,27.5,0,no,southeast,5204.72
59,male,26.1,2,yes,northeast,19057.54
38,female,24.0,3,no,southeast,1832.96
33,male,28.6,1,no,northwest,1686.97
53,female,29.6,0,yes,northeast,24098.8
30,female,28.1,1,no,northwest,20792.72
40,male,35.1,0,no,northeast,9799.78
51,female,39.6,1,no,northwest,21254.84
34,male,38.3,1,no,southwest,6294.12
64,female,29.8,4,no,southeast,1642.8
63,female,26.9,0,no,southwest,10820.98
53,female,28.5,1,yes,northeast,18216.67
62,male,29.8,0,yes,northeast,43531.8
39,female,25.4,0,no,southwest,12203.96
32,female,26.1,0,yes,southeast,16909.33
61,female,47.1,0,no,southeast,16235.89
53,female,17.9,0,no,southwest,13547.64
55,female,42.1,2,no,northeast,7529.92
18,male,43.6,2,yes,northeast,2348.69
63,male,33.9,4,no,southeast,3614.35
25,male,17.5,1,no,northwest,11826.6
51,male,31.5,1,no,southeast,13112.5
33,male,34.3,1,no,southeast,2585.8
26,female,47.4,0,no,northeast,2565.39
20,female,29.7,1,no,northwest,9597.29
52,female,38.0,1,no,southwest,5267.62
54,male,27.5,0,no,northwest,3506.97
61,male,31.9,0,no,southeast,9131.2
24,male,35.0,1,no,southeast,7395.42
26,male,41.9,0,no,northeast,8985.72
54,male,32.9,2,no,southeast,3265.27
41,male,30.0,0,no,northwest,4833.99
27,female,43.6,1,yes,northeast,22283.16
62,male,34.3,3,yes,southeast,13953.54
29,male,25.7,0,yes,southeast,42693.39
61,male,25.9,0,no,southeast,2305.27
21,male,38.9,1,no,southeast,11298.9
24,male,32.9,0,no,northwest,16260.45
50,male,47.0,0,no,southeast,5865.14
38,female,32.0,3,yes,southwest,1240.43
36,male,31.3,0,no,southwest,1291.7
20,male,37.9,0,no,northwest,14228.43
44,female,36.5,0,no,southwest,5373.34
60,male,28.8,1,yes,southeast,21912.76
38,male,26.7,0,yes,southwest,25726.55
63,female,35.2,0,no,southwest,6919.57
28,male,27.5,2,no,northwest,11488.54
52,female,27.7,5,no,southeast,1283.66
60,male,26.6,2,no,northwest,28226.87
38,female,31.3,2,no,northwest,4600.48
47,male,24.2,2,yes,southeast,37550.95
33,female,44.8,5,yes,southeast,19895.87
19,male,30.7,0,yes,southeast,17312.17
45,male,37.6,0,no,northwest,4064.04
51,male,30.0,3,no,northwest,6710.3
50,female,20.8,0,yes,southwest,17337.78
19,female,17.4,3,no,northwest,6541.88
20,male,29.5,2,no,southwest,4755.53
36,male,31.4,0,no,northeast,3164.86
43,male,27.2,3,no,northwest,10785.96
30,female,32.7,1,no,northeast,12015.16
38,male,28.4,0,yes,northeast,30331.41
49,male,33.6,2,no,northeast,7087.34
62,male,25.5,0,no,northeast,2337.06
57,female,28.9,1,no,northeast,13048.79
60,female,24.4,1,no,northeast,3485.23
20,female,22.2,3,no,northeast,9283.71
51,female,36.7,1,no,northwest,4905.79
27,male,31.4,0,no,southeast,2120.88
23,male,38.0,2,no,southeast,6460.18
44,female,30.8,0,no,southeast,1790.71
28,female,35.3,2,no,northwest,4965.43
40,female,29.9,3,no,southwest,4856.69
19,male,47.1,0,no,southeast,1143.93
56,female,43.8,0,no,northwest,2871.92
19,female,22.9,1,yes,southwest,34647.93
27,male,42.7,3,no,southeast,5274.52
28,female,26.0,3,no,northeast,25241.82
34,male,40.8,0,no,northwest,10009.46
40,female,22.4,0,no,southeast,16351.2
33,male,26.3,2,no,northeast,26284.37
29,male,26.4,1,no,southeast,3883.88
26,male,26.4,0,no,southwest,14575.7
19,male,31.8,0,yes,southeast,34634.71
54,male,20.3,0,no,southeast,13174.84
60,male,25.5,2,no,northwest,8073.29
57,female,24.5,0,no,northwest,12216.03
36,male,28.1,0,no,northeast,8461.55
29,female,36.8,3,no,northeast,4525.78
52,male,36.1,0,no,southeast,4370.68
37,male,24.8,1,no,southeast,4450.86
37,male,33.3,3,no,southeast,2695.4
21,female,46.4,0,no,southwest,3938.2
41,male,34.1,0,no,southeast,5182.76
25,male,41.6,0,no,northeast,10583.9
36,female,31.9,0,no,southeast,1875.92
55,male,44.3,3,no,northeast,9783.68
50,female,30.3,2,no,northwest,14586.85
42,female,31.8,0,no,southwest,11932.17
63,female,21.6,0,no,northeast,2253.08
45,female,37.6,0,no,northwest,7344.09
20,male,47.6,3,yes,southeast,19566.23
19,female,25.6,1,no,northwest,14448.22
44,male,34.7,5,no,northeast,22955.86
37,male,20.2,1,yes,northwest,4397.52
41,male,20.6,2,no,southwest,11039.09
50,male,27.6,0,yes,southeast,48275.46
20,female,33.9,0,yes,northwest,36362.12
27,male,27.1,0,yes,southeast,37378.28
22,male,26.9,2,no,southwest,14072.47
35,male,39.5,1,no,northwest,9824.94
29,male,30.2,0,yes,southeast,38600.4
22,male,32.6,1,yes,southwest,38465.78
48,female,38.7,2,no,southwest,3760.39
45,female,28.3,2,no,northeast,7332.55
52,female,31.8,3,no,northwest,38838.71
29,female,26.6,1,no,southeast,3831.78
26,female,34.8,2,yes,northeast,23607.98
28,female,37.2,1,no,southwest,13947.95
23,female,24.2,1,no,northeast,6468.11
51,male,38.8,0,yes,southeast,42442.28
38,male,37.9,0,no,northwest,5357.96
50,male,37.0,2,no,southeast,12220.36
29,female,30.6,1,no,northeast,9200.59
28,female,35.7,0,yes,southeast,49083.99
61,male,35.9,4,no,southwest,1534.53
25,female,24.5,0,yes,northeast,24590.74
56,male,24.1,2,yes,northeast,39359.01
48,female,35.3,1,no,northwest,8677.37
58,female,32.6,0,no,northeast,7920.02
43,female,46.9,3,no,southeast,12800.97
35,female,25.5,1,yes,southwest,6185.13
55,female,29.9,4,yes,northeast,21164.89
43,male,39.5,0,no,northeast,4651.19
21,male,26.7,0,no,northwest,2662.42
51,male,34.4,2,no,southeast,9563.04
56,male,30.4,0,yes,southeast,45931.77
39,male,20.2,0,yes,southeast,16121.23
35,female,25.8,0,no,southwest,12054.02
53,male,17.7,0,no,southeast,8546.22
41,female,23.9,2,no,northeast,4967.49
41,female,34.8,0,no,southeast,39050.62
51,female,26.5,0,no,southeast,11343.32
39,male,23.0,0,yes,northwest,50057.68
37,male,31.8,1,no,northeast,8340.56
30,female,38.6,2,no,southwest,2330.93
48,male,28.8,0,no,southeast,1826.4
64,female,34.9,0,yes,northeast,16482.1
43,male,33.8,2,yes,northeast,13105.8
61,female,31.6,0,no,northeast,13798.22
20,male,33.1,3,no,southwest,11863.66
42,male,27.2,1,no,southeast,3687.77
51,female,42.4,0,yes,southeast,38565.83
18,male,39.6,0,no,southeast,5963.22
45,female,30.8,1,no,northwest,9631.38
40,female,27.0,0,yes,southeast,5311.81
63,female,23.1,1,no,southeast,4486.73
23,female,28.0,0,no,northwest,1762.26
20,female,37.7,0,yes,southeast,42226.73
21,male,46.9,3,no,northwest,3893.37
47,female,25.8,0,no,southwest,1728.78
27,female,37.0,1,no,southeast,41221.51
36,male,31.1,1,no,northwest,7878.98
24,male,22.3,2,no,northwest,6825.23
51,male,30.4,3,no,northeast,33456.69
43,male,39.8,0,no,southeast,1886.0
37,female,31.2,2,no,southwest,14449.74
21,male,25.2,0,no,northwest,8160.11
45,female,30.3,1,yes,northeast,21225.96
42,male,24.8,0,yes,southeast,41515.38
26,male,22.5,2,no,northeast,3430.11
36,female,32.5,1,no,northwest,9928.62
40,female,38.2,2,yes,southeast,44308.99
19,male,29.9,0,yes,southwest,36350.98
40,female,36.7,2,yes,southwest,28651.5
62,male,37.5,0,no,northwest,1346.89
47,female,28.7,0,no,northwest,20283.71
29,male,34.1,2,no,southwest,6242.68
25,male,20.8,1,no,southeast,33120.94
51,female,30.2,2,no,northeast,4400.26
46,male,24.1,2,no,northwest,4494.28
60,male,33.8,1,no,southeast,27312.48
23,female,38.8,0,yes,northwest,39176.0
46,female,30.8,3,yes,southeast,42378.65
59,male,35.1,3,yes,southeast,51526.15
47,male,25.7,0,no,southeast,17200.63
60,male,22.1,3,no,northwest,4253.05
58,female,31.9,0,yes,southeast,36002.23
64,male,27.2,0,no,southwest,49283.21
55,male,23.3,2,no,northeast,3599.93
45,male,47.6,1,no,northwest,4390.57
23,female,27.0,1,no,southeast,33372.01
47,female,17.4,0,no,northeast,4184.08
44,female,21.8,0,yes,northwest,6465.88
23,female,26.8,1,yes,southeast,41269.79
20,male,30.0,0,no,southeast,7291.18
28,male,38.5,1,no,northwest,5560.11
34,male,29.7,0,no,southeast,10537.02
18,female,28.1,2,yes,northeast,20379.92
42,female,32.2,1,no,southeast,2678.02
48,female,47.2,1,no,northwest,14369.03
64,male,46.8,1,no,southwest,2379.69
40,female,30.1,2,no,southwest,12496.28
49,male,29.4,5,yes,northwest,16181.05
45,female,34.8,3,no,southwest,35721.86
29,male,24.8,1,no,southeast,2237.57
21,male,28.3,0,no,northeast,40714.9
30,male,27.2,0,no,northeast,5543.19
41,female,39.2,2,no,southeast,3740.7
21,male,39.8,0,no,southeast,10037.57
29,female,29.1,3,no,southeast,4373.68
52,male,33.2,1,no,northeast,6557.83
21,male,22.4,0,yes,southeast,14324.64
39,male,23.5,2,no,northwest,7219.37
24,male,28.1,0,yes,southwest,18097.97
22,male,24.4,2,yes,southeast,35989.39
38,male,32.7,1,no,northeast,34564.78
23,female,28.3,0,no,northwest,2379.83
32,male,27.4,0,yes,northeast,2549.53
55,male,37.0,2,no,northwest,4151.62
49,male,28.8,0,yes,northeast,33037.54
29,female,32.3,1,no,southeast,1633.4
41,female,23.3,4,no,southeast,4148.66
27,male,27.5,0,yes,southeast,19655.69
38,female,28.3,0,no,southeast,7280.72
30,male,32.6,3,no,northeast,3397.34
62,female,28.4,2,no,southeast,9857.74
29,female,30.4,0,no,southwest,8492.31
27,female,35.6,0,yes,northwest,34301.48
47,female,24.1,1,no,southwest,4437.46
20,male,20.7,1,yes,southeast,38537.63
64,male,36.9,2,yes,northwest,52093.34
22,female,47.6,0,no,northwest,21830.56
48,male,28.1,2,no,southeast,10999.42
64,male,39.1,5,no,southeast,24712.51
43,female,29.7,0,no,southeast,32935.81
29,female,29.2,2,no,southwest,9884.74
45,male,29.6,2,no,northwest,24940.94
36,female,36.2,0,no,southeast,51802.63
58,male,21.3,1,no,southeast,5528.94
26,female,23.3,0,no,southeast,5698.48
48,male,39.2,2,no,northwest,10477.99
30,female,20.7,1,yes,southwest,23417.49
22,male,35.3,3,no,southeast,8259.07
18,male,30.0,0,yes,southeast,38379.22
41,female,28.5,1,no,southeast,9615.27
38,male,30.1,2,no,northeast,20999.31
64,male,17.4,3,no,northwest,2841.41
52,female,21.4,3,no,southwest,19650.83
49,female,17.5,3,no,northeast,12541.25
18,male,38.7,0,no,northeast,1164.1
52,female,28.3,4,no,northwest,8264.9
56,female,24.4,0,yes,northwest,12812.5
34,male,30.9,2,yes,southeast,14828.15
28,female,30.8,0,yes,southeast,35964.55
29,male,36.9,1,no,northwest,6773.12
46,male,33.1,1,yes,northwest,12494.06
60,male,32.3,0,no,southwest,2411.84
50,male,17.3,2,no,northwest,21784.78
49,male,38.8,2,no,southwest,1257.25
56,male,38.9,3,yes,southwest,43001.71
19,female,34.6,0,no,northwest,1839.07
60,female,27.2,2,no,southeast,33072.56
30,male,22.4,0,no,northwest,9627.34
25,male,27.3,0,no,northeast,1587.5
29,female,39.2,2,no,southeast,5103.53
43,male,43.0,0,no,southeast,9816.88
19,male,30.1,1,no,northeast,6047.08
34,female,47.4,5,no,northwest,2717.59
18,female,34.2,1,no,southwest,11986.23
18,male,38.4,0,yes,northeast,45467.06
36,male,24.4,0,yes,northwest,18624.55
51,male,45.6,0,no,southeast,9861.27
46,male,22.0,3,no,southeast,8075.77
31,male,26.6,1,no,southeast,10622.98
30,male,37.3,1,no,southeast,4085.13
26,male,33.3,0,no,northwest,1456.44
64,male,30.0,2,no,southwest,37644.28
32,female,30.1,3,no,southwest,8594.44
27,male,22.7,3,no,northwest,5083.95
50,male,36.6,0,no,northeast,6875.4
45,male,32.2,0,no,southwest,12469.01
19,female,34.3,2,no,northwest,4532.48
57,male,39.8,0,no,northwest,4635.32
31,female,30.0,1,no,northeast,9490.73
58,female,26.6,0,no,northwest,5283.79
18,male,39.4,0,yes,northeast,1182.88
52,female,21.1,3,yes,southwest,24241.2
62,female,38.1,0,yes,northwest,13798.17
39,male,25.9,2,yes,northwest,48309.2
41,female,25.2,1,no,southwest,1735.44
62,female,39.2,0,no,southwest,8725.09
36,female,30.9,0,yes,southeast,19864.54
43,male,36.5,0,no,southeast,12179.49
38,female,47.0,5,no,northwest,14139.24
50,female,32.2,0,no,northeast,4341.3
21,male,20.2,1,no,northeast,1661.0
29,female,28.2,2,no,northeast,2461.71
53,female,31.4,1,no,northeast,4418.65
35,female,37.0,0,yes,southwest,48521.62
26,male,30.1,0,no,southeast,1836.65
37,female,43.2,1,no,northeast,6050.75
57,female,32.1,1,no,southwest,3248.24
58,female,22.8,0,yes,southeast,5466.11
63,female,39.9,2,no,southeast,8987.84
64,male,27.5,0,no,northeast,5090.14
19,male,33.1,3,no,southeast,4240.3
30,male,28.5,1,no,southwest,6363.99
33,male,44.3,0,yes,southwest,38816.93
51,male,25.4,3,yes,southeast,26899.14
53,male,26.4,3,no,northeast,1744.46
